portal,id_aviso,url,fecha_scraping,operacion,tipo_propiedad,precio_valor,precio_moneda,precio_texto,expensas_valor,expensas_moneda,direccion,calle,altura,piso,barrio,barrio_raw,comuna,localidad,latitud,longitud,sup_total_m2,sup_cubierta_m2,ambientes,dormitorios,banos,cocheras,antiguedad_anios,es_a_estrenar,precio_m2,titulo,descripcion,detalles,amenities,pileta,parrilla,gimnasio,sum,losa_radiante,aire_acondicionado,apto_credito,apto_profesional,cochera_txt,baulera,seguridad,luminoso,balcon,a_reciclar,reciclado,credito_uva,frente,amoblado,patio_jardin,ascensor,profesional_renta
argenprop,18799423,https://www.argenprop.com/departamento-en-venta-en-palermo-chico-5-ambientes--18799423,2026-08-13T15:44:44+00:00,venta,departamento,2400000.0,USD,USD 2.400.000 + $2.200.000 expensas,2200000.0,ARS,Jerónimo Salguero 2700,Jerónimo Salguero,2700,,palermo,"Departamento en Venta en Palermo Chico, Palermo",14,Capital Federal,,,300.0,300.0,,3.0,,,17.0,0.0,8000.0,TORRE BELLINI! Piso alto de revista! Balcón con espectacular vista panorámica a la ciudad y al río! Todo a nuevo! Full amenities! 2 Coch! ÚNICO!,,300 m² cubie. 3 dorm. 17 años,1,0,0,0,0,0,0,0,0,0,0,0,1,1,0,0,0,0,0,0,0,0
argenprop,19974218,https://www.argenprop.com/departamento-en-venta-en-palermo-chico-2-ambientes--19974218,2026-08-13T15:44:44+00:00,venta,departamento,175000.0,USD,USD 175.000 + $250.000 expensas,250000.0,ARS,Juan Francisco Seguí 3900,Juan Francisco Seguí,3900,,palermo,"Departamento en Venta en Palermo Chico, Palermo",14,Capital Federal,,,90.0,90.0,2.0,1.0,,,40.0,0.0,1944.44,IMPECABLE 2 AMBIENTES! ESPECTACULAR PATIO PROPIO CON JARDÍN! Todo a nuevo! Muy luminoso! ÚNICO! OPORT!,,90 m² cubie. 1 dorm. 40 años,0,0,0,0,0,0,0,0,0,0,0,0,1,0,0,0,0,0,0,1,0,0
argenprop,10043598,https://www.argenprop.com/departamento-en-venta-en-palermo-chico-4-ambientes--10043598,2026-08-13T15:44:44+00:00,venta,departamento,800000.0,USD,USD 800.000,,,"República Árabe Siria 3100, Piso 1",República Árabe Siria,3100,1,palermo,"Departamento en Venta en Palermo Chico, Palermo",14,Capital Federal,,,171.0,171.0,,3.0,,,0.0,1.0,4678.36,BOHO BOTANICO,,171 m² cubie. 3 dorm. En pozo,0,0,0,0,0,0,0,0,0,0,0,0,0,0,0,0,0,0,0,0,0,0
argenprop,16138779,https://www.argenprop.com/departamento-en-venta-en-palermo-chico-3-ambientes--16138779,2026-08-13T15:44:44+00:00,venta,departamento,140000.0,USD,USD 140.000 + $358.000 expensas,358000.0,ARS,Ugarteche 3000,Ugarteche,3000,,palermo,"Departamento en Venta en Palermo Chico, Palermo",14,Capital Federal,,,60.0,60.0,,2.0,,,40.0,0.0,2333.33,IMPECABLE! Balcón al contrafrente al pulmón de manzana! Muy luminoso! Excelente distribución! Lavadero! ÚNICO! OPORT,,60 m² cubie. 2 dorm. 40 años,0,0,0,0,0,0,0,0,0,0,0,0,1,1,0,0,0,1,0,0,0,0
argenprop,19548301,https://www.argenprop.com/departamento-en-venta-en-palermo-1-ambiente--19548301,2026-08-13T15:44:44+00:00,venta,departamento,69900.0,USD,USD 69.900 + $165.000 expensas,165000.0,ARS,Avenida Santa Fe 4400,Avenida Santa Fe,4400,,palermo,"Departamento en Venta en Palermo, Capital Federal",14,Capital Federal,,,,,1.0,,1.0,,50.0,0.0,,Monoambiente Apto Profesional con Vista Abierta al Río- A metros de Plaza Italia-,,50 años 1 baño Monoam.,0,0,0,0,0,0,0,0,1,0,0,0,1,0,0,0,0,0,0,0,0,0
argenprop,19622671,https://www.argenprop.com/departamento-en-venta-en-palermo-3-ambientes--19622671,2026-08-13T15:44:44+00:00,venta,departamento,155000.0,USD,USD 155.000 + $55.000 expensas,55000.0,ARS,Nicaragua 4400,Nicaragua,4400,,palermo,"Departamento en Venta en Palermo, Capital Federal",14,Capital Federal,,,,,3.0,2.0,2.0,,,,,DEPARTAMENTO 3 AMBIENTES CON BALCÓN + DEPENDENCIA- EXCELENTE DISTRIBUCIÓN,,2 dorm. 2 baños 3 ambientes,0,0,0,0,0,0,0,0,0,0,0,0,0,1,0,0,0,0,0,0,0,0
argenprop,20075391,https://www.argenprop.com/departamento-en-venta-en-palermo-hollywood-3-ambientes--20075391,2026-08-13T15:44:44+00:00,venta,departamento,340000.0,USD,USD 340.000 + $320.000 expensas,320000.0,ARS,"Arévalo 1900, Piso 7",Arévalo,1900,7,palermo,"Departamento en Venta en Palermo Hollywood, Palermo",14,Capital Federal,,,90.0,90.0,,2.0,,1.0,17.0,0.0,3777.78,Duplex 90m2 Palermo Hollywood C/ Balcón Terraza y Cochera,,90 m² cubie. 2 dorm. 17 años,0,0,0,0,0,0,0,0,0,1,0,0,0,1,0,0,0,0,0,0,0,0
argenprop,19829078,https://www.argenprop.com/departamento-en-venta-en-palermo-soho-3-ambientes--19829078,2026-08-13T15:44:44+00:00,venta,departamento,135000.0,USD,USD 135.000 + $124.000 expensas,124000.0,ARS,Santa Rosa 5100,Santa Rosa,5100,,palermo,"Departamento en Venta en Palermo Soho, Palermo",14,Capital Federal,,,46.0,46.0,,2.0,,,54.0,0.0,2934.78,"Departamento - Venta - Argentina, Capital Federal - SANTA ROSA 5100",,46 m² cubie. 2 dorm. 54 años,0,0,0,0,0,0,0,0,0,0,0,0,0,0,0,0,0,0,0,0,0,0
argenprop,20180824,https://www.argenprop.com/departamento-en-venta-en-barrio-parque-5-ambientes--20180824,2026-08-13T15:44:44+00:00,venta,departamento,1120000.0,USD,USD 1.120.000 + $1.400.000 expensas,1400000.0,ARS,Tagle 2800,Tagle,2800,,palermo,"Departamento en Venta en Barrio Parque, Palermo",14,Capital Federal,,,,,,3.0,3.0,,50.0,0.0,,Exclusivo semipiso en Barrio Parque con vistas abiertas y excelente luminosidad,,3 dorm. 50 años 3 baños,0,0,0,0,0,0,0,0,0,0,0,0,0,0,0,0,0,0,0,0,0,0
argenprop,19344625,https://www.argenprop.com/departamento-en-venta-en-palermo-4-ambientes--19344625,2026-08-13T15:44:44+00:00,venta,departamento,330000.0,USD,USD 330.000 + $203.300 expensas,203300.0,ARS,"ARAOZ 1200, Piso 8",ARAOZ,1200,8,palermo,"Departamento en Venta en Palermo, Capital Federal",14,Capital Federal,,,90.0,90.0,,3.0,,,0.0,1.0,3666.67,Araoz 1268,,90 m² cubie. 3 dorm. A Estrenar,0,0,0,0,0,0,0,0,0,0,0,0,0,0,0,0,0,0,0,0,0,0
argenprop,9070214,https://www.argenprop.com/departamento-en-venta-en-palermo-viejo-4-ambientes--9070214,2026-08-13T15:44:44+00:00,venta,departamento,280000.0,USD,USD 280.000 + $300.000 expensas,300000.0,ARS,"Honduras 3900, Piso 2º",Honduras,3900,2,palermo,"Departamento en Venta en Palermo Viejo, Palermo",14,Capital Federal,,,87.0,87.0,4.0,2.0,,1.0,20.0,0.0,3218.39,"Semipiso 4 Ambientes, Cochera Fija, baulera, SUITE dos baños completos, balcón aterrazado",,87 m² cubie. 2 dorm. 20 años,0,0,0,0,0,0,0,0,0,1,1,0,0,1,0,0,0,0,0,0,0,0
argenprop,20184538,https://www.argenprop.com/departamento-en-venta-en-palermo-3-ambientes--20184538,2026-08-13T15:44:44+00:00,venta,departamento,270000.0,USD,USD 270.000 + $597.000 expensas,597000.0,ARS,"Honduras 4600, Piso 6",Honduras,4600,6,palermo,"Departamento en Venta en Palermo, Capital Federal",14,Capital Federal,,,65.0,65.0,3.0,2.0,,,2.0,0.0,4153.85,DEPARTAMENTO 3 AMBIENTES PALERMO,,65 m² cubie. 2 dorm. 2 años,0,0,0,0,0,0,0,0,0,0,0,0,0,0,0,0,0,0,0,0,0,0
argenprop,18784904,https://www.argenprop.com/departamento-en-venta-en-palermo-3-ambientes--18784904,2026-08-13T15:44:44+00:00,venta,departamento,180000.0,USD,USD 180.000 + $180.000 expensas,180000.0,ARS,"Jerónimo Salguero 1900, Piso PB",Jerónimo Salguero,1900,0,palermo,"Departamento en Venta en Palermo, Capital Federal",14,Capital Federal,,,65.0,65.0,,2.0,1.0,,,,2769.23,Departamento en venta en Palermo,,65 m² cubie. 2 dorm. 1 baño,0,0,0,0,0,0,0,0,0,0,0,0,0,0,0,0,0,0,0,0,0,0
argenprop,20188194,https://www.argenprop.com/departamento-en-venta-en-palermo-3-ambientes--20188194,2026-08-13T15:44:44+00:00,venta,departamento,545000.0,USD,USD 545.000 + $600.000 expensas,600000.0,ARS,Avenida Cabildo 100,Avenida Cabildo,100,,palermo,"Departamento en Venta en Palermo, Capital Federal",14,Capital Federal,,,109.0,109.0,,2.0,,1.0,3.0,0.0,5000.0,"128m2 Departamento full reciclado a nuevo en Palermo con gran balcon terraza, y cochera",,109 m² cubie. 2 dorm. 3 años,0,0,0,0,0,0,0,0,0,1,0,0,0,1,0,1,0,0,0,0,0,0
argenprop,20158554,https://www.argenprop.com/departamento-en-venta-en-palermo-soho-4-ambientes--20158554,2026-08-13T15:44:44+00:00,venta,departamento,259000.0,USD,USD 259.000 + $360.000 expensas,360000.0,ARS,"Avenida Santa Fe 4400, Piso 8",Avenida Santa Fe,4400,8,palermo,"Departamento en Venta en Palermo Soho, Palermo",14,Capital Federal,,,10.0,10.0,4.0,3.0,,,,,25900.0,4 Ambientes C/dep y Baulera Reciclado a Nuevo - ¡Dueño Directo!,,91 m² cubie. 10 m² Semicubierta 3 dorm.,0,0,0,0,0,0,0,0,0,0,1,0,0,0,0,1,0,0,0,0,0,0
argenprop,12724220,https://www.argenprop.com/departamento-en-venta-en-caballito-2-ambientes--12724220,2026-08-13T15:44:44+00:00,venta,departamento,59000.0,USD,USD 59.000 + $140.000 expensas,140000.0,ARS,"Emilio Mitre 400, Piso 16°",Emilio Mitre,400,16,caballito,"Departamento en Venta en Caballito, Capital Federal",6,Capital Federal,,,28.0,28.0,2.0,1.0,1.0,,,,2107.14,DEPARTAMENTO 2 AMBIENTES,,28 m² cubie. 1 dorm. 1 baño,0,0,0,0,0,0,0,0,0,0,0,0,0,0,0,0,0,0,0,0,0,0
argenprop,19731733,https://www.argenprop.com/departamento-en-venta-en-caballito-norte-3-ambientes--19731733,2026-08-13T15:44:44+00:00,venta,departamento,158000.0,USD,USD 158.000 + $200.000 expensas,200000.0,ARS,Avenida Acoyte 200,Avenida Acoyte,200,,caballito,"Departamento en Venta en Caballito Norte, Caballito",6,Capital Federal,,,78.0,78.0,3.0,2.0,1.0,,,,2025.64,"Amplio 3 amb c/balcon y lav, frente luminoso excel ubicación",,78 m² cubie. 2 dorm. 1 baño,0,0,0,0,0,0,0,0,0,0,0,0,1,1,0,0,0,0,0,0,0,0
argenprop,19620697,https://www.argenprop.com/departamento-en-venta-en-caballito-4-ambientes--19620697,2026-08-13T15:44:44+00:00,venta,departamento,240000.0,USD,USD 240.000 + $330.000 expensas,330000.0,ARS,"Avenida Directorio 600, Piso 9",Avenida Directorio,600,9,caballito,"Departamento en Venta en Caballito, Capital Federal",6,Capital Federal,,,,,4.0,3.0,2.0,1.0,,,,DEPARTAMENTO SEMIPISO 4 AMBIENTES- DOBLE CIRCULACIÓN- AL FRENTE CON BALCÓN- COCHERA Y BAULERA- EXCELENTE LISTO PARA ESCRITURAR,,3 dorm. 2 baños 4 ambientes,0,0,0,0,0,0,0,0,0,1,1,0,0,1,0,0,0,1,0,0,0,0
argenprop,16661693,https://www.argenprop.com/departamento-en-venta-en-palermo-1-ambiente--16661693,2026-08-13T15:44:44+00:00,venta,departamento,113076.0,USD,USD 113.076,,,"Francisco Acuña De Figueroa 1200, Piso 7",Francisco Acuña De Figueroa,1200,7,palermo,"Departamento en Venta en Palermo, Capital Federal",14,Capital Federal,,,30.0,30.0,,,1.0,,0.0,1.0,3769.2,V. PALERMO,,30 m² cubie. A estrenar 1 baño,0,0,0,0,0,0,0,0,0,0,0,0,0,0,0,0,0,0,0,0,0,0
argenprop,20163564,https://www.argenprop.com/departamento-en-venta-en-palermo-chico-1-ambiente--20163564,2026-08-13T15:44:44+00:00,venta,departamento,170000.0,USD,USD 170.000 + $126.992 expensas,126992.0,ARS,Avenida Cerviño 3200,Avenida Cerviño,3200,,palermo,"Departamento en Venta en Palermo Chico, Palermo",14,Capital Federal,,,38.0,38.0,,1.0,,,56.0,0.0,4473.68,Departamento en venta en Palermo Chico,,38 m² cubie. 1 dorm. 56 años,0,0,0,0,0,0,0,0,0,0,0,0,0,0,0,0,0,0,0,0,0,0
argenprop,19556675,https://www.argenprop.com/departamento-en-venta-en-caballito-1-ambiente--19556675,2026-08-13T15:44:46+00:00,venta,departamento,99000.0,USD,USD 99.000,,,"Jose Bonifacio 1600, Piso 5",Jose Bonifacio,1600,5,caballito,"Departamento en Venta en Caballito, Capital Federal",6,Capital Federal,,,31.0,31.0,1.0,,1.0,,0.0,1.0,3193.55,"DEPARTAMENTO 1 AMBIENTE A ESTRENAR, CABALLITO",,31 m² cubie. A Estrenar 1 baño,0,0,0,0,0,0,0,0,0,0,0,0,0,0,0,0,0,0,0,0,0,0
argenprop,19442521,https://www.argenprop.com/departamento-en-venta-en-caballito-2-ambientes--19442521,2026-08-13T15:44:46+00:00,venta,departamento,180000.0,USD,USD 180.000 + $200.000 expensas,200000.0,ARS,Avenida Díaz Vélez 5000,Avenida Díaz Vélez,5000,,caballito,"Departamento en Venta en Caballito, Capital Federal",6,Capital Federal,,,52.0,52.0,2.0,1.0,,,10.0,0.0,3461.54,"Venta Departamento 2 ambientes en Caballito, Capital Federal .Piso entero en altura: privacidad real, luz natural y una forma distinta de vivir la ciudad",,52 m² cubie. 1 dorm. 10 años,0,0,0,0,0,0,0,0,0,0,0,0,0,0,0,0,0,0,0,0,0,0
argenprop,19676321,https://www.argenprop.com/departamento-en-venta-en-las-canitas-3-ambientes--19676321,2026-08-13T15:44:46+00:00,venta,departamento,118000.0,USD,USD 118.000 + $180.000 expensas,180000.0,ARS,Migueletes 500,Migueletes,500,,palermo,"Departamento en Venta en Las Cañitas, Palermo",14,Capital Federal,,,61.0,61.0,3.0,2.0,,,65.0,0.0,1934.43,¡Oportunidad! Planta Baja De 3 Amb. En Las Cañitas - Inmejorable Ubicación,,61 m² cubie. 2 dorm. 65 años,0,0,0,0,0,0,0,0,0,0,0,0,0,0,0,0,0,0,0,0,0,0
argenprop,19578814,https://www.argenprop.com/departamento-en-venta-en-palermo-3-ambientes--19578814,2026-08-13T15:44:46+00:00,venta,departamento,134800.0,USD,USD 134.800 + $230.000 expensas,230000.0,ARS,"Fray Justo Santa María de Oro 2300, Piso 2",Fray Justo Santa María de Oro,2300,2,palermo,"Departamento en Venta en Palermo, Capital Federal",14,Capital Federal,,,66.0,66.0,3.0,2.0,,,50.0,0.0,2042.42,¡3 ambientes luminosos en Palermo!,,66 m² cubie. 2 dorm. 50 años,0,0,0,0,0,0,0,0,0,0,0,0,1,0,0,0,0,0,0,0,0,0
argenprop,17475032,https://www.argenprop.com/departamento-en-venta-en-almagro-3-ambientes--17475032,2026-08-13T15:44:46+00:00,venta,departamento,114800.0,USD,USD 114.800 + $158.000 expensas,158000.0,ARS,Colombres 100,Colombres,100,,almagro,"Departamento en Venta en Almagro, Capital Federal",5,Capital Federal,,,52.0,52.0,3.0,2.0,1.0,,,,2207.69,Viví Almagro | 3 Ambientes Reciclado a Nuevo a Mts del Subte,,52 m² cubie. 2 dorm. 1 baño,0,0,0,0,0,0,0,0,0,0,0,0,0,0,0,1,0,0,0,0,0,0
argenprop,19921999,https://www.argenprop.com/departamento-en-venta-en-almagro-1-ambiente--19921999,2026-08-13T15:44:46+00:00,venta,departamento,59900.0,USD,USD 59.900 + $72.000 expensas,72000.0,ARS,"Avenida Corrientes 4100, Piso 3",Avenida Corrientes,4100,3,almagro,"Departamento en Venta en Almagro, Capital Federal",5,Capital Federal,,,,,1.0,,1.0,,,,,EXCELENTE MONOAMBIENTE- APTO PROFESIONAL- AL FRENTE CON BALCÓN- TODO A NUEVO,,1 baño Monoam. Excelente,0,0,0,0,0,0,0,0,1,0,0,0,0,1,0,0,0,1,0,0,0,0
argenprop,18449988,https://www.argenprop.com/departamento-en-venta-en-caballito-3-ambientes--18449988,2026-08-13T15:44:46+00:00,venta,departamento,115000.0,USD,USD 115.000,,,Avenida Pedro Goyena 100,Avenida Pedro Goyena,100,,caballito,"Departamento en Venta en Caballito, Capital Federal",6,Capital Federal,,,,,3.0,2.0,1.0,,,,,VENTA 3 AMB CABALLITO MUY BUEN ESTADO CON PATIO,,2 dorm. 1 baño 3 ambientes,0,0,0,0,0,0,0,0,0,0,0,0,0,0,0,0,0,0,0,1,0,0
argenprop,19559933,https://www.argenprop.com/departamento-en-venta-en-recoleta-4-ambientes--19559933,2026-08-13T15:44:46+00:00,venta,departamento,225000.0,USD,USD 225.000 + $550.000 expensas,550000.0,ARS,Sánchez De Bustamante 2600,Sánchez De Bustamante,2600,,recoleta,"Departamento en Venta en Recoleta, Capital Federal",2,Capital Federal,,,90.0,90.0,,3.0,,,40.0,0.0,2500.0,IMPECABLE SEMIPISO! BALCÓN AL PULMÓN C/VISTA ABIERTA! Todo luz y sol! Doble circulación! Baulera! ÚNICO! OPORT!,,90 m² cubie. 3 dorm. 40 años,0,0,0,0,0,0,0,0,0,0,1,0,1,1,0,0,0,0,0,0,0,0
argenprop,19099271,https://www.argenprop.com/departamento-en-venta-en-recoleta-4-ambientes--19099271,2026-08-13T15:44:46+00:00,venta,departamento,247000.0,USD,USD 247.000 + $205.000 expensas,205000.0,ARS,José Andrés Pacheco De Melo 2600,José Andrés Pacheco De Melo,2600,,recoleta,"Departamento en Venta en Recoleta, Capital Federal",2,Capital Federal,,,100.0,100.0,,3.0,,,40.0,0.0,2470.0,IMPECABLE PISO! BALCÓN CON VISTA A LA COPA DE LOS ÁRBOLES! Todo luz y sol! Baulera! BAJAS EXPENSAS! ÚNICO! OPORT,,100 m² cubie. 3 dorm. 40 años,0,0,0,0,0,0,0,0,0,0,1,0,1,1,0,0,0,0,0,0,0,0
argenprop,19452180,https://www.argenprop.com/departamento-en-venta-en-recoleta-3-ambientes--19452180,2026-08-13T15:44:46+00:00,venta,departamento,256000.0,USD,USD 256.000 + $200.000 expensas,200000.0,ARS,Pena 2200,Pena,2200,,recoleta,"Departamento en Venta en Recoleta, Capital Federal",2,Capital Federal,,,100.0,100.0,3.0,2.0,3.0,,,,2560.0,Venta Departamento 3 Ambientes Patio Interno,,100 m² cubie. 2 dorm. 3 baños,0,0,0,0,0,0,0,0,0,0,0,0,0,0,0,0,0,0,0,1,0,0
argenprop,20140104,https://www.argenprop.com/departamento-en-venta-en-recoleta-4-ambientes--20140104,2026-08-13T15:44:46+00:00,venta,departamento,310000.0,USD,USD 310.000 + $477.669 expensas,477669.0,ARS,Avenida Pueyrredón 1200,Avenida Pueyrredón,1200,,recoleta,"Departamento en Venta en Recoleta, Capital Federal",2,Capital Federal,,,169.0,169.0,4.0,3.0,,,80.0,0.0,1834.32,"179,98 m2 venta depto 4 amb con dependencia estilo frances categoría Recoleta",,169 m² cubie. 3 dorm. 80 años,0,0,0,0,0,0,0,0,0,0,0,0,0,0,0,0,0,0,0,0,0,0
argenprop,19967687,https://www.argenprop.com/departamento-en-venta-en-recoleta-2-ambientes--19967687,2026-08-13T15:44:46+00:00,venta,departamento,87000.0,USD,USD 87.000 + $162.600 expensas,162600.0,ARS,"Viamonte 1800, Piso 3",Viamonte,1800,3,recoleta,"Departamento en Venta en Recoleta, Capital Federal",2,Capital Federal,,,47.0,47.0,2.0,1.0,,,47.0,0.0,1851.06,2 Ambientes 47m2 Facultad de Medicina,,47 m² cubie. 1 dorm. 47 años,0,0,0,0,0,0,0,0,0,0,0,0,0,0,0,0,0,0,0,0,0,0
argenprop,19324679,https://www.argenprop.com/departamento-en-venta-en-recoleta-3-ambientes--19324679,2026-08-13T15:44:46+00:00,venta,departamento,195000.0,USD,USD 195.000 + $364.000 expensas,364000.0,ARS,José E. Carballido 1300,José E. Carballido,1300,,recoleta,"Departamento en Venta en Recoleta, Capital Federal",2,Capital Federal,,,90.0,90.0,3.0,2.0,,,60.0,0.0,2166.67,Recoleta Piso 3 ambientes toilletes dependencia cocina indep. de epoca bien cuidado 2 balcones,,90 m² cubie. 2 dorm. 60 años,0,0,0,0,0,0,0,0,0,0,0,0,0,1,0,0,0,0,0,0,0,0
argenprop,18380345,https://www.argenprop.com/departamento-en-venta-en-recoleta-3-ambientes--18380345,2026-08-13T15:44:46+00:00,venta,departamento,198000.0,USD,USD 198.000 + $400.000 expensas,400000.0,ARS,Laprida 1700,Laprida,1700,,recoleta,"Departamento en Venta en Recoleta, Capital Federal",2,Capital Federal,,,58.0,58.0,3.0,2.0,,,55.0,0.0,3413.79,Departamento de 3 ambientes con balcón terraza.,,58 m² cubie. 2 dorm. 55 años,0,0,0,0,0,0,0,0,0,0,0,0,0,1,0,0,0,0,0,0,0,0
argenprop,19871692,https://www.argenprop.com/departamento-en-venta-en-caballito-norte-3-ambientes--19871692,2026-08-13T15:44:46+00:00,venta,departamento,120000.0,USD,USD 120.000 + $300.000 expensas,300000.0,ARS,Avenida Avellaneda 100,Avenida Avellaneda,100,,caballito,"Departamento en Venta en Caballito Norte, Caballito",6,Capital Federal,,,58.0,58.0,3.0,2.0,,,50.0,0.0,2068.97,Departamento 3 ambientes Caballito,,58 m² cubie. 2 dorm. 50 años,0,0,0,0,0,0,0,0,0,0,0,0,0,0,0,0,0,0,0,0,0,0
argenprop,19854185,https://www.argenprop.com/departamento-en-venta-en-belgrano-r-3-ambientes--19854185,2026-08-13T15:44:46+00:00,venta,departamento,250000.0,USD,USD 250.000,,,Blanco Encalada 3900,Blanco Encalada,3900,,belgrano,"Departamento en Venta en Belgrano R, Belgrano",13,Capital Federal,,,78.0,78.0,3.0,2.0,3.0,,,,3205.13,"90m2 Semipisos de 3 Ambientes con balcon terraza, Blanco encalada y Tronador.",,78 m² cubie. 2 dorm. 3 baños,0,0,0,0,0,0,0,0,0,0,0,0,0,1,0,0,0,0,0,0,0,0
argenprop,4755684,https://www.argenprop.com/departamento-en-venta-en-belgrano--4755684,2026-08-13T15:44:46+00:00,venta,departamento,230000.0,USD,USD 230.000 + $450.000 expensas,450000.0,ARS,"Arcos 2700, Piso 4",Arcos,2700,4,belgrano,"Departamento en Venta en Belgrano, Capital Federal",13,Capital Federal,,,96.0,96.0,,4.0,,,45.0,0.0,2395.83,"DUEÑO VENDE SEMIPISO 100 M2, MUY LUMINOSO",,96 m² cubie. 4 dorm. 45 años,0,0,0,0,0,0,0,0,0,0,0,0,1,0,0,0,0,0,0,0,0,0
argenprop,20071077,https://www.argenprop.com/departamento-en-venta-en-caballito-3-ambientes--20071077,2026-08-13T15:44:46+00:00,venta,departamento,210000.0,USD,USD 210.000 + $150.000 expensas,150000.0,ARS,General Martín De Gainza 400,General Martín De Gainza,400,,caballito,"Departamento en Venta en Caballito, Capital Federal",6,Capital Federal,,,,,,2.0,1.0,,0.0,1.0,,Martín de Gainza 445,,2 dorm. A Estrenar 1 baño,0,0,0,0,0,0,0,0,0,0,0,0,0,0,0,0,0,0,0,0,0,0
argenprop,18216571,https://www.argenprop.com/departamento-en-venta-en-parque-rivadavia-3-ambientes--18216571,2026-08-13T15:44:46+00:00,venta,departamento,129000.0,USD,USD 129.000 + $240.000 expensas,240000.0,ARS,"Rio De Janeiro 200, Piso 1",Rio De Janeiro,200,1,caballito,"Departamento en Venta en Parque Rivadavia, Caballito",6,Capital Federal,,,57.0,57.0,3.0,2.0,,1.0,20.0,0.0,2263.16,Dueño Directo: 3 Ambientes con Cochera en Caballito,,57 m² cubie. 2 dorm. 20 años,0,0,0,0,0,0,0,0,0,1,0,0,0,0,0,0,0,0,0,0,0,0
argenprop,19233237,https://www.argenprop.com/departamento-en-venta-en-caballito-5-ambientes--19233237,2026-08-13T15:44:46+00:00,venta,departamento,300000.0,USD,USD 300.000,,,Avenida Pedro Goyena 1600,Avenida Pedro Goyena,1600,,caballito,"Departamento en Venta en Caballito, Capital Federal",6,Capital Federal,,,105.0,105.0,4.0,3.0,,1.0,30.0,0.0,2857.14,"Semi piso 4 amb al frente, con dep. balcón y cochera s/P.Goyena",,105 m² cubie. 3 dorm. 30 años,0,0,0,0,0,0,0,0,0,1,0,0,0,1,0,0,0,1,0,0,0,0
argenprop,19674088,https://www.argenprop.com/departamento-en-venta-en-caballito-norte-2-ambientes--19674088,2026-08-13T15:44:49+00:00,venta,departamento,124000.0,USD,USD 124.000 + $210.000 expensas,210000.0,ARS,Arengreen 600,Arengreen,600,,caballito,"Departamento en Venta en Caballito Norte, Caballito",6,Capital Federal,,,44.0,44.0,2.0,1.0,,,7.0,0.0,2818.18,2 Amb en suite - Caballito - Arengreen y Av. Honorio Pueyrredon,,44 m² cubie. 1 dorm. 7 años,0,0,0,0,0,0,0,0,0,0,0,0,0,0,0,0,0,0,0,0,0,0
argenprop,19340086,https://www.argenprop.com/departamento-en-venta-en-caballito-2-ambientes--19340086,2026-08-13T15:44:49+00:00,venta,departamento,118000.0,USD,USD 118.000 + $126.000 expensas,126000.0,ARS,"Avenida Rivadavia 3900, Piso 1",Avenida Rivadavia,3900,1,caballito,"Departamento en Venta en Caballito, Capital Federal",6,Capital Federal,,,67.0,67.0,,1.0,,,51.0,0.0,1761.19,"Departamento - Venta - Argentina, Capital Federal - Av. rivadavia 3984",,67 m² cubie. 1 dorm. 51 años,0,0,0,0,0,0,0,0,0,0,0,0,0,0,0,0,0,0,0,0,0,0
argenprop,19596287,https://www.argenprop.com/departamento-en-venta-en-botanico-3-ambientes--19596287,2026-08-13T15:44:49+00:00,venta,departamento,108000.0,USD,USD 108.000 + $300.000 expensas,300000.0,ARS,"Avenida Santa Fe 2800, Piso 8",Avenida Santa Fe,2800,8,palermo,"Departamento en Venta en Botanico, Palermo",14,Capital Federal,,,45.0,45.0,,2.0,,,40.0,0.0,2400.0,Inversión Inteligente en una Ubicación Inmejorable,,45 m² cubie. 2 dorm. 40 años,0,0,0,0,0,0,0,0,0,0,0,0,0,0,0,0,0,0,0,0,0,1
argenprop,16661507,https://www.argenprop.com/departamento-en-venta-en-almagro-1-ambiente--16661507,2026-08-13T15:44:49+00:00,venta,departamento,73750.0,USD,USD 73.750,,,"Lavalle 4000, Piso 3",Lavalle,4000,3,almagro,"Departamento en Venta en Almagro, Capital Federal",5,Capital Federal,,,29.0,29.0,,,1.0,,0.0,1.0,2543.1,Lavalle Plaza,,29 m² cubie. En pozo 1 baño,0,0,0,0,0,0,0,0,0,0,0,0,0,0,0,0,0,0,0,0,0,0
argenprop,16780376,https://www.argenprop.com/departamento-en-venta-en-almagro-3-ambientes--16780376,2026-08-13T15:44:49+00:00,venta,departamento,198000.0,USD,USD 198.000 + $232.000 expensas,232000.0,ARS,"Quito 4300, Piso 11",Quito,4300,11,almagro,"Departamento en Venta en Almagro, Capital Federal",5,Capital Federal,,,60.0,60.0,,2.0,,,0.0,1.0,3300.0,Quito 4330,,60 m² cubie. 2 dorm. A estrenar,0,0,0,0,0,0,0,0,0,0,0,0,0,0,0,0,0,0,0,0,0,0
argenprop,19459404,https://www.argenprop.com/departamento-en-venta-en-caballito-sur-4-ambientes--19459404,2026-08-13T15:44:49+00:00,venta,departamento,530000.0,USD,USD 530.000 + $300.000 expensas,300000.0,ARS,"Victor Martínez 400, Piso 6",Victor Martínez,400,6,caballito,"Departamento en Venta en Caballito Sur, Caballito",6,Capital Federal,,,130.0,130.0,,3.0,,,0.0,1.0,4076.92,Edificio Victor Martinez 457 (Caballito Sur) - Venta Sexto Piso,,130 m² cubie. 3 dorm. A Estrenar,0,0,0,0,0,0,0,0,0,0,0,0,0,0,0,0,0,0,0,0,0,0
argenprop,18956981,https://www.argenprop.com/departamento-en-venta-en-cid-campeador-3-ambientes--18956981,2026-08-13T15:44:49+00:00,venta,departamento,168000.0,USD,USD 168.000 + $150.000 expensas,150000.0,ARS,"Hidalgo 1000, Piso 1",Hidalgo,1000,1,caballito,"Departamento en Venta en Cid Campeador, Caballito",6,Capital Federal,,,49.0,49.0,,2.0,,,50.0,0.0,3428.57,Departamento único con patio/terraza de 110m2 en el cid campeador,,49 m² cubie. 2 dorm. 50 años,0,0,0,0,0,0,0,0,0,0,0,0,0,1,0,0,0,0,0,1,0,0
argenprop,19996309,https://www.argenprop.com/departamento-en-venta-en-caballito-norte-5-ambientes--19996309,2026-08-13T15:44:49+00:00,venta,departamento,950000.0,USD,USD 950.000 + $863.000 expensas,863000.0,ARS,Avenida Gaona 2200,Avenida Gaona,2200,,caballito,"Departamento en Venta en Caballito Norte, Caballito",6,Capital Federal,,,200.0,200.0,5.0,4.0,,1.0,0.0,1.0,4750.0,"Venta Penthouse 5 ambientes,Sum propio con amenities y dos cocheras en Caballito Norte.",,200 m² cubie. 4 dorm. A Estrenar,1,0,0,0,0,0,0,0,0,1,0,0,0,0,0,0,0,0,0,0,0,0
argenprop,15923580,https://www.argenprop.com/departamento-en-venta-en-almagro-norte-3-ambientes--15923580,2026-08-13T15:44:49+00:00,venta,departamento,142000.0,USD,USD 142.000 + $230.000 expensas,230000.0,ARS,"Ramos Mejía 700, Piso 7",Ramos Mejía,700,7,almagro,"Departamento en Venta en Almagro Norte, Almagro",5,Capital Federal,,,,,,2.0,1.0,,15.0,0.0,,Departamento en Venta en Almagro Norte,,2 dorm. 15 años 1 baño,0,0,0,0,0,0,0,0,0,0,0,0,0,0,0,0,0,0,0,0,0,0
argenprop,19731750,https://www.argenprop.com/departamento-en-venta-en-balvanera-2-ambientes--19731750,2026-08-13T15:44:49+00:00,venta,departamento,65000.0,USD,USD 65.000 + $140.000 expensas,140000.0,ARS,"Esparza 100, Piso 4°",Esparza,100,4,balvanera,"Departamento en Venta en Balvanera, Capital Federal",3,Capital Federal,,,35.0,35.0,2.0,1.0,1.0,,,,1857.14,Amplios 2 ambi excelente estado/ubicacion cerca subte A,,35 m² cubie. 1 dorm. 1 baño,0,0,0,0,0,0,0,0,0,0,0,0,0,0,0,0,0,0,0,0,0,0
argenprop,19690642,https://www.argenprop.com/departamento-en-venta-en-almagro-2-ambientes--19690642,2026-08-13T15:44:49+00:00,venta,departamento,158000.0,USD,USD 158.000 + $110.000 expensas,110000.0,ARS,Avenida Belgrano 4000,Avenida Belgrano,4000,,almagro,"Departamento en Venta en Almagro, Capital Federal",5,Capital Federal,,,50.0,50.0,2.0,1.0,,1.0,0.0,1.0,3160.0,Depto 2 Amb. a Estrenar c/cochera y balcón corrido. Amenities. Entrega Inmediata,,50 m² cubie. 1 dorm. A Estrenar,1,0,0,0,0,0,0,0,0,1,0,0,0,1,0,0,0,0,0,0,0,0
argenprop,19635623,https://www.argenprop.com/departamento-en-venta-en-balvanera-1-ambiente--19635623,2026-08-13T15:44:49+00:00,venta,departamento,82000.0,USD,USD 82.000,,,"Corrientes 2100, Piso 6",Corrientes,2100,6,balvanera,"Departamento en Venta en Balvanera, Capital Federal",3,Capital Federal,,,23.0,23.0,3.0,,1.0,,,,3565.22,"1, 2 y 3 ambientes",,23 m² cubie. A consultar 1 baño,0,0,0,0,0,0,0,0,0,0,0,0,0,0,0,0,0,0,0,0,0,0
argenprop,19882082,https://www.argenprop.com/departamento-en-venta-en-balvanera-2-ambientes--19882082,2026-08-13T15:44:49+00:00,venta,departamento,87000.0,USD,USD 87.000 + $162.600 expensas,162600.0,ARS,"Viamonte 1800, Piso 3",Viamonte,1800,3,balvanera,"Departamento en Venta en Balvanera, Capital Federal",3,Capital Federal,,,47.0,47.0,2.0,1.0,,,47.0,0.0,1851.06,2 Ambientes 47m2 Facultad de Medicina,,47 m² cubie. 1 dorm. 47 años,0,0,0,0,0,0,0,0,0,0,0,0,0,0,0,0,0,0,0,0,0,0
argenprop,20027353,https://www.argenprop.com/departamento-en-venta-en-almagro-4-ambientes--20027353,2026-08-13T15:44:49+00:00,venta,departamento,259900.0,USD,USD 259.900 + $260.000 expensas,260000.0,ARS,Bulnes 700,Bulnes,700,,almagro,"Departamento en Venta en Almagro, Capital Federal",5,Capital Federal,,,95.0,95.0,,3.0,2.0,,,,2735.79,El escenario perfecto para una nueva etapa,,95 m² cubie. 3 dorm. 2 baños,0,0,0,0,0,0,0,0,0,0,0,0,0,0,0,0,0,0,0,0,0,0
argenprop,16662050,https://www.argenprop.com/departamento-en-venta-en-caballito-1-ambiente--16662050,2026-08-13T15:44:49+00:00,venta,departamento,85000.0,USD,USD 85.000,,,"Senillosa 700, Piso 7",Senillosa,700,7,caballito,"Departamento en Venta en Caballito, Capital Federal",6,Capital Federal,,,27.0,27.0,,,1.0,,0.0,1.0,3148.15,SENILLOSA 790,,27 m² cubie. En pozo 1 baño,0,0,0,0,0,0,0,0,0,0,0,0,0,0,0,0,0,0,0,0,0,0
argenprop,19174887,https://www.argenprop.com/departamento-en-venta-en-balvanera-1-ambiente--19174887,2026-08-13T15:44:49+00:00,venta,departamento,83000.0,USD,USD 83.000,,,"Corrientes 2100, Piso 6",Corrientes,2100,6,balvanera,"Departamento en Venta en Balvanera, Capital Federal",3,Capital Federal,,,23.0,23.0,3.0,,1.0,,,,3608.7,"1, 2 y 3 ambientes",,23 m² cubie. A consultar 1 baño,0,0,0,0,0,0,0,0,0,0,0,0,0,0,0,0,0,0,0,0,0,0
argenprop,19305717,https://www.argenprop.com/departamento-en-venta-en-balvanera-1-ambiente--19305717,2026-08-13T15:44:49+00:00,venta,departamento,76000.0,USD,USD 76.000 + $48.940 expensas,48940.0,ARS,"ALBERTI 300, Piso 9",ALBERTI,300,9,balvanera,"Departamento en Venta en Balvanera, Capital Federal",3,Capital Federal,,,27.0,27.0,,,1.0,,0.0,1.0,2814.81,ALBERTI 360,,27 m² cubie. A Estrenar 1 baño,0,0,0,0,0,0,0,0,0,0,0,0,0,0,0,0,0,0,0,0,0,0
argenprop,19662726,https://www.argenprop.com/departamento-en-venta-en-belgrano-2-ambientes--19662726,2026-08-13T15:44:49+00:00,venta,departamento,117000.0,USD,USD 117.000 + $297.000 expensas,297000.0,ARS,Echeverria 1300,Echeverria,1300,,belgrano,"Departamento en Venta en Belgrano, Capital Federal",13,Capital Federal,,,37.0,37.0,2.0,1.0,,,50.0,0.0,3162.16,Venta Departamento 2 ambientes impecable estado en Belgrano,,37 m² cubie. 1 dorm. 50 años,0,0,0,0,0,0,0,0,0,0,0,0,0,0,0,0,0,0,0,0,0,0
argenprop,19435911,https://www.argenprop.com/departamento-en-venta-en-palermo-1-ambiente--19435911,2026-08-13T15:44:49+00:00,venta,departamento,77000.0,USD,USD 77.000 + $97.200 expensas,97200.0,ARS,Honduras 4000,Honduras,4000,,palermo,"Departamento en Venta en Palermo, Capital Federal",14,Capital Federal,,,27.0,27.0,,,1.0,,55.0,0.0,2851.85,MONOAMB. C/ BALCON - PISO 6- FRENTE- MEDRANO Y HONDURAS,,27 m² cubie. 55 años 1 baño,0,0,0,0,0,0,0,0,0,0,0,0,0,1,0,0,0,0,0,0,0,0
argenprop,16661391,https://www.argenprop.com/departamento-en-venta-en-palermo-2-ambientes--16661391,2026-08-13T15:44:49+00:00,venta,departamento,187680.0,USD,USD 187.680,,,"Dorrego 1500, Piso 1",Dorrego,1500,1,palermo,"Departamento en Venta en Palermo, Capital Federal",14,Capital Federal,,,49.0,49.0,,1.0,,,,,3830.2,DORREGO PLACE,,49 m² cubie. 1 dorm. A consultar,0,0,0,0,0,0,0,0,0,0,0,0,0,0,0,0,0,0,0,0,0,0
argenprop,18930941,https://www.argenprop.com/departamento-en-venta-en-caballito-4-ambientes--18930941,2026-08-13T15:44:53+00:00,venta,departamento,440000.0,USD,USD 440.000 + $927.500 expensas,927500.0,ARS,"San José De Calasanz 200, Piso 2",San José De Calasanz,200,2,caballito,"Departamento en Venta en Caballito, Capital Federal",6,Capital Federal,,,143.0,143.0,4.0,3.0,,,0.0,1.0,3076.92,VENTA | 4 AMBIENTES CON BALCÓN TERRAZA | CABALLITO,,143 m² cubie. 3 dorm. A Estrenar,0,0,0,0,0,0,0,0,0,0,0,0,0,1,0,0,0,0,0,0,0,0
argenprop,20025428,https://www.argenprop.com/departamento-en-venta-en-caballito-sur-3-ambientes--20025428,2026-08-13T15:44:53+00:00,venta,departamento,127000.0,USD,USD 127.000 + $165.000 expensas,165000.0,ARS,"Del Barco Centenera 600, Piso av.",Del Barco Centenera 600av.,,,caballito,"Departamento en Venta en Caballito Sur, Caballito",6,Capital Federal,,,57.0,57.0,3.0,2.0,,,50.0,0.0,2228.07,"Dueño Directo - Departamento 3 Ambientes Dos Patios -mejor Zona Caballito - Luminoso Y Amplio, A Metros De Pedro Goyena Y Barrio Ingles- Sin Comisión",,57 m² cubie. 2 dorm. 50 años,0,0,0,0,0,0,0,0,0,0,0,0,1,0,0,0,0,0,0,1,0,0
argenprop,16661237,https://www.argenprop.com/departamento-en-venta-en-balvanera-1-ambiente--16661237,2026-08-13T15:44:53+00:00,venta,departamento,78200.0,USD,USD 78.200,,,"Avenida Corrientes 2100, Piso 6",Avenida Corrientes,2100,6,balvanera,"Departamento en Venta en Balvanera, Capital Federal",3,Capital Federal,,,23.0,23.0,3.0,,1.0,,0.0,1.0,3400.0,"1, 2 y 3 ambientes",,23 m² cubie. En pozo 1 baño,0,0,0,0,0,0,0,0,0,0,0,0,0,0,0,0,0,0,0,0,0,0
argenprop,19119223,https://www.argenprop.com/departamento-en-venta-en-caballito-1-ambiente--19119223,2026-08-13T15:44:53+00:00,venta,departamento,48000.0,USD,USD 48.000 + $89.400 expensas,89400.0,ARS,"Hidalgo 100, Piso 6",Hidalgo,100,6,caballito,"Departamento en Venta en Caballito, Capital Federal",6,Capital Federal,,,,,1.0,,1.0,,50.0,0.0,,1 ambiente en venta. Vista panóramica. Excelente ubicación,,50 años 1 baño Monoam.,0,0,0,0,0,0,0,0,0,0,0,0,1,0,0,0,0,0,0,0,0,0
argenprop,19175468,https://www.argenprop.com/departamento-en-venta-en-belgrano-c-2-ambientes--19175468,2026-08-13T15:44:53+00:00,venta,departamento,129000.0,USD,USD 129.000 + $130.000 expensas,130000.0,ARS,José De Sucre 1400,José De Sucre,1400,,belgrano,"Departamento en Venta en Belgrano C, Belgrano",13,Capital Federal,,,40.0,40.0,2.0,1.0,,,40.0,0.0,3225.0,Departamento en venta 2 ambientes c/ balcon - 46 mts - Belgrano,,40 m² cubie. 1 dorm. 40 años,0,0,0,0,0,0,0,0,0,0,0,0,0,1,0,0,0,0,0,0,0,0
argenprop,19091637,https://www.argenprop.com/departamento-en-venta-en-parque-rivadavia-3-ambientes--19091637,2026-08-13T15:44:53+00:00,venta,departamento,185000.0,USD,USD 185.000 + $227.050 expensas,227050.0,ARS,Doblas 400,Doblas,400,,caballito,"Departamento en Venta en Parque Rivadavia, Caballito",6,Capital Federal,,,68.0,68.0,3.0,2.0,,,35.0,0.0,2720.59,Departamento EN VENTA 3 ambientes en CABALLITO,,68 m² cubie. 2 dorm. 35 años,0,0,0,0,0,0,0,0,0,0,0,0,0,0,0,0,0,0,0,0,0,0
argenprop,16662292,https://www.argenprop.com/departamento-en-venta-en-almagro-2-ambientes--16662292,2026-08-13T15:44:53+00:00,venta,departamento,138900.0,USD,USD 138.900,,,"Gallo 500, Piso 9",Gallo,500,9,almagro,"Departamento en Venta en Almagro, Capital Federal",5,Capital Federal,,,52.0,52.0,3.0,1.0,,,0.0,1.0,2671.15,"1, 2 y 3 ambientes",,52 m² cubie. 1 dorm. A estrenar,0,0,0,0,0,0,0,0,0,0,0,0,0,0,0,0,0,0,0,0,0,0
argenprop,19730935,https://www.argenprop.com/departamento-en-venta-en-villa-crespo-3-ambientes--19730935,2026-08-13T15:44:53+00:00,venta,departamento,114000.0,USD,USD 114.000 + $210.000 expensas,210000.0,ARS,Avenida Estado De Israel 4600,Avenida Estado De Israel,4600,,villa crespo,"Departamento en Venta en Villa Crespo, Capital Federal",15,Capital Federal,,,60.0,60.0,3.0,2.0,1.0,,,,1900.0,Excelente 3 amb por estado y ubicacion fte balcon luminoso,,60 m² cubie. 2 dorm. 1 baño,0,0,0,0,0,0,0,0,0,0,0,0,1,1,0,0,0,0,0,0,0,0
argenprop,19648954,https://www.argenprop.com/departamento-en-venta-en-villa-urquiza-2-ambientes--19648954,2026-08-13T15:44:53+00:00,venta,departamento,160000.0,USD,USD 160.000 + $218.000 expensas,218000.0,ARS,Juramento 5200,Juramento,5200,,villa urquiza,"Departamento en Venta en Villa Urquiza, Capital Federal",12,Capital Federal,,,41.0,41.0,2.0,1.0,,,15.0,0.0,3902.44,Departamento 2 ambientes Venta - Villa Urquiza,,41 m² cubie. 1 dorm. 15 años,0,0,0,0,0,0,0,0,0,0,0,0,0,0,0,0,0,0,0,0,0,0
argenprop,18657873,https://www.argenprop.com/departamento-en-venta-en-villa-urquiza-2-ambientes--18657873,2026-08-13T15:44:53+00:00,venta,departamento,102000.0,USD,USD 102.000 + $101.756 expensas,101756.0,ARS,Doctor Pedro Ignacio Rivera 4700,Doctor Pedro Ignacio Rivera,4700,,villa urquiza,"Departamento en Venta en Villa Urquiza, Capital Federal",12,Capital Federal,,,40.0,40.0,2.0,1.0,,,50.0,0.0,2550.0,Departamento 2 ambientes Venta - Villa Urquiza,,40 m² cubie. 1 dorm. 50 años,0,0,0,0,0,0,0,0,0,0,0,0,0,0,0,0,0,0,0,0,0,0
argenprop,19980674,https://www.argenprop.com/departamento-en-venta-en-villa-crespo-3-ambientes--19980674,2026-08-13T15:44:53+00:00,venta,departamento,115000.0,USD,USD 115.000 + $226.000 expensas,226000.0,ARS,Avenida Corrientes 5600,Avenida Corrientes,5600,,villa crespo,"Departamento en Venta en Villa Crespo, Capital Federal",15,Capital Federal,,,53.0,53.0,3.0,2.0,1.0,1.0,,,2169.81,DEPARTAMENTO 3 AMBIENTES CON BALCON + COCHERA,,53 m² cubie. 2 dorm. 1 baño,0,0,0,0,0,0,0,0,0,1,0,0,0,1,0,0,0,0,0,0,0,0
argenprop,19605966,https://www.argenprop.com/departamento-en-venta-en-belgrano-3-ambientes--19605966,2026-08-13T15:44:53+00:00,venta,departamento,192000.0,USD,USD 192.000 + $216.829 expensas,216829.0,ARS,Avenida Cabildo 2900,Avenida Cabildo,2900,,belgrano,"Departamento en Venta en Belgrano, Capital Federal",13,Capital Federal,,,67.0,67.0,3.0,2.0,,,45.0,0.0,2865.67,Departamento en Venta de 3 ambientes en BELGRANO,,67 m² cubie. 2 dorm. 45 años,0,0,0,0,0,0,0,0,0,0,0,0,0,0,0,0,0,0,0,0,0,0
argenprop,19213762,https://www.argenprop.com/departamento-en-venta-en-palermo-2-ambientes--19213762,2026-08-13T15:44:53+00:00,venta,departamento,135000.0,USD,USD 135.000 + $211.000 expensas,211000.0,ARS,Avenida General Indalecio Chenaut 1900,Avenida General Indalecio Chenaut,1900,,palermo,"Departamento en Venta en Palermo, Capital Federal",14,Capital Federal,,,36.0,36.0,2.0,1.0,,,14.0,0.0,3750.0,Departamento de 2 ambientes en ubicación inmejorable en Las Cañitas - Amenities,,36 m² cubie. 1 dorm. 14 años,1,0,0,0,0,0,0,0,0,0,0,0,0,0,0,0,0,0,0,0,0,0
argenprop,18246091,https://www.argenprop.com/departamento-en-venta-en-villa-urquiza-5-ambientes--18246091,2026-08-13T15:44:53+00:00,venta,departamento,390000.0,USD,USD 390.000 + $230.000 expensas,230000.0,ARS,Blanco Encalada 4700,Blanco Encalada,4700,,villa urquiza,"Departamento en Venta en Villa Urquiza, Capital Federal",12,Capital Federal,,,150.0,150.0,,3.0,,,35.0,0.0,2600.0,"Villa Urquiza Piso Palier privado, Balcón Terraza Hab En Suite 3 Dormitorios con Balcón corrido",,150 m² cubie. 3 dorm. 35 años,0,0,0,0,0,0,0,0,0,0,0,0,0,1,0,0,0,0,0,0,0,0
argenprop,19441401,https://www.argenprop.com/departamento-en-venta-en-villa-urquiza-3-ambientes--19441401,2026-08-13T15:44:53+00:00,venta,departamento,240000.0,USD,USD 240.000 + $425.000 expensas,425000.0,ARS,Díaz Colodrero 2900,Díaz Colodrero,2900,,villa urquiza,"Departamento en Venta en Villa Urquiza, Capital Federal",12,Capital Federal,,,57.0,57.0,3.0,2.0,,,5.0,0.0,4210.53,Villa Urquiza 3amb edificio full amenities,,57 m² cubie. 2 dorm. 5 años,1,0,0,0,0,0,0,0,0,0,0,0,0,0,0,0,0,0,0,0,0,0
argenprop,19120172,https://www.argenprop.com/departamento-en-venta-en-urquiza-r-1-ambiente--19120172,2026-08-13T15:44:53+00:00,venta,departamento,115000.0,USD,USD 115.000 + $260.000 expensas,260000.0,ARS,"José De Sucre 4200, Piso 2",José De Sucre,4200,2,villa urquiza,"Departamento en Venta en Urquiza R, Villa Urquiza",12,Capital Federal,,,38.5,38.5,,,1.0,,11.0,0.0,2987.01,"Departamento en edificio Premium: Green House, Amenities, microcine, dos piscinas, balcon aterrazado al contrafrente, vista arbolada. Aquí el Departamento:",,"38,50 m² cubie. 11 años 1 baño",1,1,0,0,0,0,0,0,0,0,0,0,0,1,0,0,0,1,0,0,0,0
argenprop,19927723,https://www.argenprop.com/departamento-en-venta-en-urquiza-r-1-ambiente--19927723,2026-08-13T15:44:53+00:00,venta,departamento,115000.0,USD,USD 115.000 + $260.000 expensas,260000.0,ARS,"Donado 1800, Piso 2",Donado,1800,2,villa urquiza,"Departamento en Venta en Urquiza R, Villa Urquiza",12,Capital Federal,,,38.5,38.5,,,1.0,,11.0,0.0,2987.01,"Departamento en edificio Premium: Green House, Amenities, microcine, dos piscinas, balcon aterrazado al contrafrente, vista arbolada. Aquí el Departamento:",,"38,50 m² cubie. 11 años 1 baño",1,1,0,0,0,0,0,0,0,0,0,0,0,1,0,0,0,1,0,0,0,0
argenprop,18599456,https://www.argenprop.com/departamento-en-venta-en-villa-crespo-1-ambiente--18599456,2026-08-13T15:44:53+00:00,venta,departamento,84500.0,USD,USD 84.500 + $168.000 expensas,168000.0,ARS,"Lavalleja 200, Piso 5",Lavalleja,200,5,villa crespo,"Departamento en Venta en Villa Crespo, Capital Federal",15,Capital Federal,,,,,1.0,,1.0,,10.0,0.0,,"Monoambiente divisible muy luminoso | Balcón al frente, lavadero y excelentes amenities Premium con Piscina",,10 años 1 baño Monoam.,1,1,0,0,0,0,0,0,0,0,0,0,1,1,0,0,0,1,0,0,0,0
argenprop,18330440,https://www.argenprop.com/departamento-en-venta-en-villa-crespo-2-ambientes--18330440,2026-08-13T15:44:53+00:00,venta,departamento,100000.0,USD,USD 100.000 + $165.000 expensas,165000.0,ARS,"Luis María Drago 200, Piso 3",Luis María Drago,200,3,villa crespo,"Departamento en Venta en Villa Crespo, Capital Federal",15,Capital Federal,,,40.0,40.0,2.0,1.0,,,5.0,0.0,2500.0,VENTA DEPARTAMENTO DE 2 AMBIENTES EN VILLA CRESPO,,40 m² cubie. 1 dorm. 5 años,0,0,0,0,0,0,0,0,0,0,0,0,0,0,0,0,0,0,0,0,0,0
argenprop,20187996,https://www.argenprop.com/departamento-en-venta-en-palermo-2-ambientes--20187996,2026-08-13T15:44:53+00:00,venta,departamento,65000.0,USD,USD 65.000 + $150.000 expensas,150000.0,ARS,Paraguay 3600,Paraguay,3600,,palermo,"Departamento en Venta en Palermo, Capital Federal",14,Capital Federal,,,33.0,33.0,2.0,1.0,,,65.0,0.0,1969.7,OPORTUNIDAD - LUMINOSO 2 AMB -COCINA SEPARADA- PARAGUAY Y BULNES,,33 m² cubie. 1 dorm. 65 años,0,0,0,0,0,0,0,0,0,0,0,0,1,0,0,0,0,0,0,0,0,0
argenprop,19434508,https://www.argenprop.com/departamento-en-venta-en-urquiza-r-3-ambientes--19434508,2026-08-13T15:44:56+00:00,venta,departamento,265000.0,USD,USD 265.000 + $335.000 expensas,335000.0,ARS,Mariano Acha 1600,Mariano Acha,1600,,villa urquiza,"Departamento en Venta en Urquiza R, Villa Urquiza",12,Capital Federal,,,61.0,61.0,3.0,2.0,,2.0,5.0,0.0,4344.26,3 AMB CON 2 COCHERAS! BALCON TERRAZA CON PARRILLA.,,61 m² cubie. 2 dorm. 5 años,0,0,1,0,0,0,0,0,0,1,0,0,0,1,0,0,0,0,0,0,0,0
argenprop,18941345,https://www.argenprop.com/departamento-en-venta-en-villa-urquiza-2-ambientes--18941345,2026-08-13T15:44:56+00:00,venta,departamento,130000.0,USD,USD 130.000 + $85.000 expensas,85000.0,ARS,Avenida Congreso 4800,Avenida Congreso,4800,,villa urquiza,"Departamento en Venta en Villa Urquiza, Capital Federal",12,Capital Federal,,,42.0,42.0,2.0,1.0,,,0.0,1.0,3095.24,46m2 - 2 Ambientes a Estrenar al Frente con Balcón y Vista Abierta en Villa Urquiza,,42 m² cubie. 1 dorm. A Estrenar,0,0,0,0,0,0,0,0,0,0,0,0,1,1,0,0,0,1,0,0,0,0
argenprop,19941792,https://www.argenprop.com/departamento-en-venta-en-villa-urquiza-2-ambientes--19941792,2026-08-13T15:44:56+00:00,venta,departamento,169000.0,USD,USD 169.000 + $200.000 expensas,200000.0,ARS,Nahuel Huapi 4900,Nahuel Huapi,4900,,villa urquiza,"Departamento en Venta en Villa Urquiza, Capital Federal",12,Capital Federal,,,42.0,42.0,2.0,1.0,,,14.0,0.0,4023.81,"47m2 Excelente 2 Ambientes con Balcon, Vista Abierta. Departamento en Villa Urquiza",,42 m² cubie. 1 dorm. 14 años,0,0,0,0,0,0,0,0,0,0,0,0,1,1,0,0,0,0,0,0,0,0
argenprop,16863828,https://www.argenprop.com/departamento-en-venta-en-villa-urquiza-3-ambientes--16863828,2026-08-13T15:44:56+00:00,venta,departamento,182000.0,USD,USD 182.000 + $297.859 expensas,297859.0,ARS,Pacheco 2900,Pacheco,2900,,villa urquiza,"Departamento en Venta en Villa Urquiza, Capital Federal",12,Capital Federal,,,55.0,55.0,3.0,2.0,,,0.0,1.0,3309.09,"3 AMBIENTES A ESTRENAR, GIMNASIO, SUM, PISCINA - VILLA URQUIZA",,55 m² cubie. 2 dorm. A Estrenar,1,1,0,1,0,0,0,0,0,0,0,0,0,0,0,0,0,0,0,0,0,0
argenprop,16847795,https://www.argenprop.com/departamento-en-venta-en-villa-urquiza-2-ambientes--16847795,2026-08-13T15:44:56+00:00,venta,departamento,132000.0,USD,USD 132.000 + $229.079 expensas,229079.0,ARS,Pacheco 2900,Pacheco,2900,,villa urquiza,"Departamento en Venta en Villa Urquiza, Capital Federal",12,Capital Federal,,,40.0,40.0,2.0,1.0,,,0.0,1.0,3300.0,2 AMBIENTES A ESTRENAR - AMENITIES - VILLA URQUIZA,,40 m² cubie. 1 dorm. A Estrenar,1,0,0,0,0,0,0,0,0,0,0,0,0,0,0,0,0,0,0,0,0,0
argenprop,18319472,https://www.argenprop.com/departamento-en-venta-en-belgrano-5-ambientes--18319472,2026-08-13T15:44:56+00:00,venta,departamento,420000.0,USD,USD 420.000 + $911.211 expensas,911211.0,ARS,Avenida Olleros 2200,Avenida Olleros,2200,,belgrano,"Departamento en Venta en Belgrano, Capital Federal",13,Capital Federal,,,124.0,124.0,,4.0,,1.0,40.0,0.0,3387.1,DUPLEX SEMIP C/DEP EN AV. OLLEROS AL 2200 - COCHERA 151 M2 FTE ESCRITORIO BAULRA SUITE 2 BCONES,,124 m² cubie. 4 dorm. 40 años,0,0,0,0,0,0,0,0,0,1,0,0,0,0,0,0,0,0,0,0,0,0
argenprop,19886134,https://www.argenprop.com/departamento-en-venta-en-caballito-4-ambientes--19886134,2026-08-13T15:44:56+00:00,venta,departamento,195000.0,USD,USD 195.000 + $470.000 expensas,470000.0,ARS,"San José De Calasanz 500, Piso 6",San José De Calasanz,500,6,caballito,"Departamento en Venta en Caballito, Capital Federal",6,Capital Federal,,,88.0,88.0,4.0,3.0,,1.0,50.0,0.0,2215.91,"Exelente 4 amb. con Dep.y cochera fija, piso 6, contra frente, sol del este",,88 m² cubie. 3 dorm. 50 años,0,0,0,0,0,0,0,0,0,1,0,0,0,0,0,0,0,0,0,0,0,0
argenprop,19250749,https://www.argenprop.com/departamento-en-venta-en-villa-urquiza-1-ambiente--19250749,2026-08-13T15:44:56+00:00,venta,departamento,94000.0,USD,USD 94.000 + $93.000 expensas,93000.0,ARS,Avenida Congreso 4700,Avenida Congreso,4700,,villa urquiza,"Departamento en Venta en Villa Urquiza, Capital Federal",12,Capital Federal,,,33.0,33.0,,,1.0,1.0,6.0,0.0,2848.48,Luminoso departamento con cochera opcional y vista abierta hacia el contrafrente en Villa Urquiza.,,33 m² cubie. 6 años 1 baño,0,0,0,0,0,0,0,0,0,1,0,0,1,0,0,0,0,1,0,0,0,0
argenprop,20124001,https://www.argenprop.com/departamento-en-venta-en-caballito-4-ambientes--20124001,2026-08-13T15:44:56+00:00,venta,departamento,199000.0,USD,USD 199.000 + $262.000 expensas,262000.0,ARS,Senillosa 200,Senillosa,200,,caballito,"Departamento en Venta en Caballito, Capital Federal",6,Capital Federal,,,79.0,79.0,4.0,3.0,,,50.0,0.0,2518.99,Senillosa al 200 - Caballito - Departamento de 4 ambientes con balcón al frente en venta,,79 m² cubie. 3 dorm. 50 años,0,0,0,0,0,0,0,0,0,0,0,0,0,1,0,0,0,1,0,0,0,0
argenprop,19710915,https://www.argenprop.com/departamento-en-venta-en-villa-urquiza-2-ambientes--19710915,2026-08-13T15:44:56+00:00,venta,departamento,150000.0,USD,USD 150.000,,,Behring 2500,Behring,2500,,villa urquiza,"Departamento en Venta en Villa Urquiza, Capital Federal",12,Capital Federal,,,40.0,40.0,2.0,1.0,,,0.0,1.0,3750.0,56m2 - Excelente 2 amb con gran balcon terraza - con terminaciones de categoría,,40 m² cubie. 1 dorm. A Estrenar,0,0,0,0,0,0,0,0,0,0,0,0,0,1,0,0,0,0,0,0,0,0
argenprop,18191290,https://www.argenprop.com/departamento-en-venta-en-caballito-1-ambiente--18191290,2026-08-13T15:44:56+00:00,venta,departamento,78000.0,USD,USD 78.000 + $146.000 expensas,146000.0,ARS,"Hidalgo 800, Piso 4°",Hidalgo,800,4,caballito,"Departamento en Venta en Caballito, Capital Federal",6,Capital Federal,,,33.0,33.0,1.0,,1.0,1.0,,,2363.64,"EXCELENTE MONOAMBIENTE, CABALLITOS, CON BALCÓN COCHERA",,33 m² cubie. 1 baño Monoam.,0,0,0,0,0,0,0,0,0,1,0,0,0,1,0,0,0,0,0,0,0,0
argenprop,19111354,https://www.argenprop.com/departamento-en-venta-en-caballito-2-ambientes--19111354,2026-08-13T15:44:56+00:00,venta,departamento,147500.0,USD,USD 147.500,,,"Jose Bonifacio 1600, Piso 6",Jose Bonifacio,1600,6,caballito,"Departamento en Venta en Caballito, Capital Federal",6,Capital Federal,,,46.0,46.0,2.0,1.0,,,0.0,1.0,3206.52,"DEPARTAMENTO 2 AMBIENTES A ESTRENAR, CABALLITO",,46 m² cubie. 1 dorm. A Estrenar,0,0,0,0,0,0,0,0,0,0,0,0,0,0,0,0,0,0,0,0,0,0
argenprop,19685580,https://www.argenprop.com/departamento-en-venta-en-nunez-2-ambientes--19685580,2026-08-13T15:44:56+00:00,venta,departamento,75000.0,USD,USD 75.000 + $200.000 expensas,200000.0,ARS,Juana Azurduy 2100,Juana Azurduy,2100,,nunez,"Departamento en Venta en Nuñez, Capital Federal",13,Capital Federal,,,29.0,29.0,2.0,1.0,,,60.0,0.0,2586.21,Departamento 2 ambientes Venta - Nuñez,,29 m² cubie. 1 dorm. 60 años,0,0,0,0,0,0,0,0,0,0,0,0,0,0,0,0,0,0,0,0,0,0
argenprop,19002708,https://www.argenprop.com/departamento-en-venta-en-nunez-2-ambientes--19002708,2026-08-13T15:44:56+00:00,venta,departamento,75000.0,USD,USD 75.000 + $95.000 expensas,95000.0,ARS,Vuelta De Obligado 3600,Vuelta De Obligado,3600,,nunez,"Departamento en Venta en Nuñez, Capital Federal",13,Capital Federal,,,29.0,29.0,2.0,1.0,,,1.0,0.0,2586.21,Departamento 2 ambientes Apto credito - Venta - Nuñez,,29 m² cubie. 1 dorm. 1 año,0,0,0,0,0,0,0,1,0,0,0,0,0,0,0,0,0,0,0,0,0,0
argenprop,17493608,https://www.argenprop.com/departamento-en-venta-en-nunez-3-ambientes--17493608,2026-08-13T15:44:56+00:00,venta,departamento,138000.0,USD,USD 138.000 + $159.000 expensas,159000.0,ARS,Avenida Cabildo 4800,Avenida Cabildo,4800,,nunez,"Departamento en Venta en Nuñez, Capital Federal",13,Capital Federal,,,48.0,48.0,3.0,2.0,,,50.0,0.0,2875.0,Departamento 3 ambientes Venta - Nuñez,,48 m² cubie. 2 dorm. 50 años,0,0,0,0,0,0,0,0,0,0,0,0,0,0,0,0,0,0,0,0,0,0
argenprop,19877076,https://www.argenprop.com/departamento-en-venta-en-lomas-de-nunez-3-ambientes--19877076,2026-08-13T15:44:56+00:00,venta,departamento,195000.0,USD,USD 195.000 + $270.000 expensas,270000.0,ARS,"Ramallo 1900, Piso 3",Ramallo,1900,3,nunez,"Departamento en Venta en Lomas de Nuñez, Nuñez",13,Capital Federal,,,65.0,65.0,3.0,2.0,,,45.0,0.0,3000.0,3 ambientes en Lomas de Nuñez,,65 m² cubie. 2 dorm. 45 años,0,0,0,0,0,0,0,0,0,0,0,0,0,0,0,0,0,0,0,0,0,0
argenprop,20092586,https://www.argenprop.com/departamento-en-venta-en-palermo-3-ambientes--20092586,2026-08-13T15:44:56+00:00,venta,departamento,250000.0,USD,USD 250.000 + $490.000 expensas,490000.0,ARS,Fitz Roy 1400,Fitz Roy,1400,,palermo,"Departamento en Venta en Palermo, Capital Federal",14,Capital Federal,,,57.0,57.0,,2.0,,,11.0,0.0,4385.96,Departamento en venta en Palermo,,57 m² cubie. 2 dorm. 11 años,0,0,0,0,0,0,0,0,0,0,0,0,0,0,0,0,0,0,0,0,0,0
argenprop,19994767,https://www.argenprop.com/departamento-en-venta-en-barrio-norte-2-ambientes--19994767,2026-08-13T15:44:56+00:00,venta,departamento,142500.0,USD,USD 142.500 + $179.000 expensas,179000.0,ARS,Presidente José Evaristo Uriburu 1200,Presidente José Evaristo Uriburu,1200,,recoleta,"Departamento en Venta en Barrio Norte, Capital Federal",2,Capital Federal,,,44.0,44.0,2.0,1.0,,,45.0,0.0,3238.64,Venta Departamento 2 ambientes Uriburu y Juncal,,44 m² cubie. 1 dorm. 45 años,0,0,0,0,0,0,0,0,0,0,0,0,0,0,0,0,0,0,0,0,0,0
argenprop,19429875,https://www.argenprop.com/departamento-en-venta-en-nunez-3-ambientes--19429875,2026-08-13T15:44:56+00:00,venta,departamento,192000.0,USD,USD 192.000,,,Vidal 3100,Vidal,3100,,nunez,"Departamento en Venta en Nuñez, Capital Federal",13,Capital Federal,,,60.0,60.0,3.0,2.0,2.0,,,,3200.0,Venta departamento 3 ambientes de pozo 3 B ctfre Nuñez,,60 m² cubie. 2 dorm. 2 baños,0,0,0,0,0,0,0,0,0,0,0,0,0,0,0,0,0,0,0,0,0,0
argenprop,19836772,https://www.argenprop.com/departamento-en-venta-en-barrio-norte-2-ambientes--19836772,2026-08-13T15:44:56+00:00,venta,departamento,135000.0,USD,USD 135.000 + $200.000 expensas,200000.0,ARS,Avenida Pueyrredón 1200,Avenida Pueyrredón,1200,,recoleta,"Departamento en Venta en Barrio Norte, Capital Federal",2,Capital Federal,,,52.0,52.0,1.0,1.0,,,6.0,0.0,2596.15,"56,27 m2 GRAN MONOAMBIENTE DIVISIBLE - PUEYRREDON Y CHARCAS",,52 m² cubie. 1 dorm. 6 años,0,0,0,0,0,0,0,0,0,0,0,0,0,0,0,0,0,0,0,0,0,0
